rate,review
1,"Kesini karena sempet penasaran beberapa waktu sama instagramnya and well done Photographer nya as he/she did one great job dengan visualnya yang menarik tapi try come to the place     
Hari Sabtu jam stngah 2 kesini, the place is kosong..
Well, menu yang gue pesen adalah menu paket (ada di foto bon nya) dan berakhir kepada sebuah PENYESALAN. semuanya DRY. Beneran dry karena kayaknya mereka udah masak pagi terus pas ada tamu, tinggal di re-grill lagi.. they even charge for the â€œPeri-Peri Sauceâ€ yang adalah.. cabe biasa ğŸ’  â€â™€ï¸ 7ribu guys ğŸ˜‚ğŸ˜‚ gue pernah makan peri2 sauce and I know rasa & bentuknya.. again semuanya ada di foto    pesen fries they charged me 12 ribu and taaa daa.. datenglah si fries yang juga ala kadarnya (oh ada tangan gue for scale aja) yang lebih gila lagi.. masak chicken aja dry, semuanya dry ğŸ˜‚ğŸ˜‚ ANJAY ğŸ’  â€â™€ï¸ worst experience ever, will never come back ğŸ’  â€â™€ï¸ gue gatau sih apa karena ini sempet booming terus mereka ga jaga kualitas apa gimana pokoknya ini bener2 mengecewakan sih.. they charged the â€œsambalâ€, gila sih insane ini gue ga bisa abisin sih ğŸ˜…"
1,"Pertama kali kesini dapet kesan gak bagus, udah nunggu 45 menit kepiting super jumbo gak dateng2 padahal harusnya 30 menit, setelah komplain pelayannya malah bilang pesanan udah keluar, padahal meja masih bersih, makan kepitingnya juga â€¦Lengkapnya"
1,"terlalu mahal makanannya, antara harga dengan hidangan yg dipesan tdk proporsional"
1,"Kepitingnya yg saya dapat kemarin bau dan belum terlalu matang, daging kepitingnya kurang lembut, kerangnya susah dilepas dari cangkang. Untuk daging dan ayamnya rasanya enak."
1,pertama kali makan di bara grill genjing..pesen menu bebek & nasi..bebeknya keras sekeras2nya..nasinya juga keras & dingin..kecewa berat
1,"Hw pesen brisket sama lamb, rasanya kacau banget tuh.. Udah mateng dari pagi kali.jadi kalau tamu dateng tinggal serve.keraaass.. Saus jamurnya rasanya ancuur.. Selama makan steak n grill di pinggir jalan ini paling ancur"
1,"Pesen 2 :
Seafood dan Grillnya
Grillnya : di kasir tdk diinfo klo ayamnya sdh hbs â€¦Lengkapnya"
1,"Minggu kemaren kesana, karna penasaran rame baget beritanya di ig sama di tv, terkenal murah dan enak.
Tapi mau curhat dikit, â€¦Lengkapnya"
1,"Pesan Grill ada sebagian daging agak bau,  ada juga yg keras,  pesan kepiting & kurang... udh 30 menit lbh gak dateng,  Akhirnya bilang ke waitress,  nunggu Baru dateng.... Not rekomended"
1,Saya SANGAT KECEWA makan di bara grill bintaro. Monster Seafood ny KERING. Cumi ny keras. Daging kepiting nya KERING. Kepitingnya KECIL. Daging udangny KERING KERIPUT2. Seperti MAKANAN LAMA. Saya tanya ke kasir maupun karyawan d sana ttg â€¦Lengkapnya
1,"Sumpah ga asik bgt,,,
Ga enakkkkkkkk.
Sea food'y udah pada ga fresh lagi...
Not recommended, jan pernah makan disitu dah !!!!!"
1,"Minggu kemarin ke baragril dan pesan hidanga seafood & steak nya.
Untuk steak okelah.. 
Untuk seafood nya parah sih, kepiting nya gk fresh daging nya menempel di â€¦Lengkapnya"
1,ini kepitingnya gak  enak sama sekali.not fresh kepiting super jumbo not fresh dagingnya hancur. terus pesan yg jumbo kg ternyata  dikupas air semua. kepiting. gara2 liat hitam putih live di tv jadi bela2in jauh dari jakarta ke â€¦Lengkapnya
1,"Very not recommended 
Daging amis, ga bisa digigit kayak karet. Es teh manis juga ga ada manis2 nya sama sekali. Daging udah ga fresh. Masih merah banget daging daging nya. Gabakal dateng lagi. Bad service also, pisonsendok garpu aja ambil sendiri. Banyak lalat juga."
1,"1 jam kepiting ngga nongolÂ², gegara kertas orderan di kitchen ke skip (kata waiternya). Customer yg baru datang malah udah dateng kepitingÂ²nya ğŸ˜  SUPER KECEWA"
1,"Tergiur dengan review food bloger di instagram tentang tempat ini, sangat-sangat kecewa.
Mulai dari : â€¦Lengkapnya"
1,Busuk bet tmptnya! Jorok bnyk lalat. Bau gosong. Dagingnya gjls bngt rasa arang. NO REKOMEND pokoknya!
1,"Semangat kesini karna liat di IG pas dicoba seafoodnya gak fresh, laler dmana, kepitingnya ada yg dagingnya udh ga ada (gatau kmana) bumbu ga terasa, makanannya dingin gatau tu dimasakinnya brp jam sblmnya.. very bad"
1,"Sengaja pergi di Jumat siang buat cobain. Ternyata sangat mengecewakan. Seafoodnya kecil-kecil dan nggak fresh bahkan kepitingnya bau, dagingnya keras seperti udah berkali2 diangetin. Bahkan jagung aja overcooked dan berair. Definitely not coming back :("
1,"Kepiting gak segar dan diasinkan,bau nya busuk dan daging nya lembek.
Cumi sama udang nya amis
Saus padang tapi rasa kayak saos tomat campur saus cabe botolan.
Cukup sekali dan kapok"
1,"Sangat gak rekomen
1. Tidak ada mesin non tunai, jd hrs bawa cash
2. Pertama kali dtg lgsg mendapatkan pengalaman gak enak. Jd karena cm bs bisa â€¦Lengkapnya"
1,"mungkin krn udah agak malem,jd udah banyak menu yg sudah habis...  pesen ribs dagingnya keras,cumi saus padangnya pucat dan porsinya sedikit gaa sebanding dengan hargnya (+/- cuma 5 potong irisan cumi).. udang saus garlicnya juga kurang fresh... pelayanannya lama terutama pas minta pisau dan garpu..."
1,"Dagingnya lebih ke too smokey, bahkan rasa asapnya berasa sampai malam. Untuk ribs dan basketnya tender, tapi untuk cheek meatnya terlalu chewy dan dry. Ayamnya not rekomen, ga meresap sampai ke dalam. Murah untuk makan daging? Paket untuk â€¦Lengkapnya"
1,"Minggu kemarin mkn di bara grills Bintaro,  pesannya lma banget, N di ingatin berapa x baru dtg mknannya,  daging nya,,,,,, Buset bau asap nya nusuk sampe dada, sesak karna bau asap. ayam kurang enak, daging keras,  lalat di mna mna,  cukup â€¦Lengkapnya"
1,"Tolong di perhatikan pelayanannya  , not recommended buat yang gak sabar udah kelaparan..masa nungguin satu menu aja sampe harus ngomong 3 kali ke pelayannya baru di anterin pesanan kita ,  Rasanya pun tolong di tingkatan"
1,"Dua buah Kepiting nggak segar keduanya. Dapat bonus lalat di ribs walau diganti baru... pelayanan OK penggantian ribs dilakukan, tapi rasa dan kualitas produk kurang. Not quite recommended..."
1,"Kepitingnya sih gede,tapi kok gk fresh,dan kepitingnya juga masih dingin,sama 1 yg paling penting karyawannya sangat"" tidak sopan!!!!"
1,"REVIEW
1. GILA ASAPNYA SAMPE NUSUK KE DADA GUA
2. RASA DAGINGNYA ANEH â€¦Lengkapnya"
1,"Minggu lalu kesini pesen paket kepiting yg besar seharga 230k kalo tak salah, harga memang murah tapi kualitas juga murahan. Nunggi sampe 1,5 jam buat pesenan datang, udang dan cuminya enak tapi kepitingnya ga layak makan. Udah lama, baunya â€¦Lengkapnya"
1,Mahal doang
1,"Tobat....soal rasa tentu relatif tiap orang,makanya saya gak akan komen soal rasa,maka kualitas makanan yg saya ulas: â€¦Lengkapnya"
1,"Gak worth it at all. Karena rasa daging nya kayak ada rasa bensin/minyak tanah or something smell dari kayu bakar atau arang nya. Kalo saus2 nya sih enak. Peri2 rasa nya pedes banget. Per hari ini baru coba dan gak akan balik lagi hehe
Lalat sih gak ada. Tempat dingin. Dan sepi"
1,"makanan : seafoodnya tidak fresh (parah)
tempat : banyak lalat 
harga : relatif mahal"
1,kecewa berat
1,"sangat mengecewakan,,makanannya lama banget,, bisa nunggu sampe 1.5jam untuk nunggu makanan doang,,udah nunggu lama salah bikin pesenan lagi..ğŸ˜©ğŸ˜©ğŸ˜©"
1,"Kurang mantap n kurang kenyang. 
Daging banyak lemak ah..."
1,"Menunggu lama, +-1.5 jam menunggu. Kepiting biasa aja, terkesan kurang fresh. Kurang tanggap jg pelayannya saat complain."
1,Harga oke!sayang waktu itu kesana LALATnya banyak!ğŸ˜«ğŸ˜«ğŸ˜« meskipun management minta maaf ya tpi kredibilitas jatuh klo gituğŸ˜«
1,"Smoke beef keras alot, kentang dry, ruangan banyak lalat, No value for money"
1,Ga rekomended untuk sistem pemesanan dan iming2 di sosmed ga sesuai ekspektasi
1,Tempatnya banyak lalet sausnya g ada rasa
1,"Pelayanan tdk baik, makanan biasa saja"
1,Dagingnya alot dan bauğŸ˜­ğŸ˜­
1,Layanannya lambat dan ga responsive
1,Berasa makan asep bukan makan daging
1,"Gak banget deh,,,,seafood gak fresh,,,,beef nya keras,kecewa!"
1,Pelayanan kurang cepat
1,"(Diterjemahkan oleh Google) Mulai dari pintu masuk, lantai pertama panas dan berasap, Layanan, buruk dari melayani waktu dan menjadi informatif tentang makanan apa yang Anda pesan dengan porsi sisi dan ketika Anda â€¦Lengkapnya"
1,"(Diterjemahkan oleh Google) 1. Tempat berasap
2. Makanan laut tidak segar (beku dan kepiting dingin di dalam cakar)
3. Tidak ada pemecah kepiting, saya bertanya kepada pelayan mereka mengatakan â€¦Lengkapnya"
1,"(Diterjemahkan oleh Google) Pertama kali di sini dan pasti terakhir kali juga
Saya tidak perlu menulis ulasan buruk tentang restoran ini karena semuanya sudah â€¦Lengkapnya"
1,(Diterjemahkan oleh Google) Ini tidak baik sama sekali â€¦Lengkapnya
1,(Diterjemahkan oleh Google) Daging yang kuat dan berlemak! Contoh hebat lain dari robek lengkap! â€¦Lengkapnya
1,(Diterjemahkan oleh Google) Tidak begitu baik memesan dua kepiting n hanya mendapat satu n sebagian besar daging itu penuh lemak. â€¦Lengkapnya
1,(Diterjemahkan oleh Google) Aku mencium kepiting saat kunjungan pertamaku! â€¦Lengkapnya
1,(Diterjemahkan oleh Google) restoran makanan laut terburuk di kotağŸ‘ğŸ‘ğŸ‘ğŸ‘ğŸ‘ğŸ‘ğŸ‘ğŸ‘ â€¦Lengkapnya
1,(Diterjemahkan oleh Google) Sangat tidak disarankan â€¦Lengkapnya
1,
1,
1,
1,
1,
1,
1,
1,
1,
1,
1,
1,
1,
1,
1,"Inti dari kekecewaan makan di bara grills:

1. Pesan makan jam 5 jam 7 baru di info kalau kepiting yg dipesan ""tidak layak â€¦Lengkapnya"
1,Harga lumayan tapi kepitingnya kurang enak.. (kepiting saya terlalu asin dan ada yang pait entah kenapa)
1,"Saat itu saya memesan monster seafood sauce padang, dan bumbunya kurang enak dengan harga perporsinya 200rb. Kebetulan saya duduk di lantai 2, dan waitersnya jarang naik ke atas. Jadi kalau butuh apa apa sedikit susah, nunggu waiters ada yang datang nganter makanan"
1,"Ruangan banyak lalat berterbangan di dalam ruangan dan menganggu saat makan.
Pertama lgsg memesan dan bayar, Hati-hati dengan hidangan nya...karena paket tdk lengkap dan tdk fresh, sperti cumi hanya kepala saja tanpa badan nya, udang dan â€¦Lengkapnya"
1,"Awalnya expectation tinggi, makanan enak dan suasananya cozy, tapi ditengah-tengah mendadak waiter menyalakan video heavy metal rock yang keras banget serta putus-putus. â€¦Lengkapnya"
1,"Tadinya penasaran banget karena di Instagram heboh,update an nya selalu antri2..
 Ternyata betul,,rame sampai antri2,tapi keluhan mulai berasa pas mulai dekat â€¦Lengkapnya"
1,"Saya rasa pendapat banyak orang di google memang benar. Seafood tidak segar. Kepiting mati rasanya aneh, saus padang tidak sedap. Porsi 4 orang tapi hanya cukup untuk berdua. Saya pesan monster seafood tapi hanya ukuran biasa tidak besar. â€¦Lengkapnya"
1,"Saya datang jam 8mlm, malam minggu, tidak rame, hanya mengantri 1 orang aja, cari tempat duduk jg masih banyak, tp Kepitingnya ga fresh, ayamnya masih ada darahnya, pesen nasi dua yg dateng 1, tp akhirnya stelah confirm ke kasir â€¦Lengkapnya"
1,"Pesen ayam 1/2 bbq, masih ada darahnya, banyak laler beterbangan sama banyak orang ketak ketok renovasi.....gak nyaman, blaasssss....."
1,"Beef nya keras,,tempat kurang nyaman karena asap banyak banget (harusnya dikasih penyedot asap atau minimal heksos lah kalo ga ada cooker hood (btw gw jadi bau asap),,penyajian cukup lama,, â€¦Lengkapnya"
1,Disini sausny enak... hargany mmg sdkt lbh murah drpd yg lain tapi makananny jg lbh dikit... tempatnya JOROK BANYAK LALAT d lt 1ny penuh dengan asap... kepitingny jg bknny d hancurin dikit biar org tgl makan... ini mesti hancurin sndr pakek â€¦Lengkapnya
1,"Makanan dan bumbunya sebenarnya enak, tetapi waktu datang sudah adem dan datangnya lama, jadi sudah ga berselera.. kalau kesini disarankan lebih dari 1 orang,, 1 orang untuk cari tempat duduk, 1 orang lagi ke kasir untuk pesan..  kasirnya juga lama pelayanannya"
1,Rasa biasa saja.
1,"Rasa smoked yang standard tidak ada yang mengagumkan.

Hati hati ketika mengorder kepiting yang tergolong harga ekonomis â€¦Lengkapnya"
1,Rasa menurut saya biasa saja.. rasa asap lebih dominan.. untuk saus saya pesan ketiga jenis saus yg ada tp belum sesuai ekspektasi.. moga akan ada pilihan saus lain yg rasanya enak.. menunggu makanan agak lama.. bahkan harus mengingatkan â€¦Lengkapnya
1,Kurang....  Nasinya agak coklat... Dagingnya alot... Sampai ngak bisa di makan...
1,Seafood nya lama keluar dan keitingnya kerasss. Kl dagingnya rada keras serta terlampau banyak gajihh nya
1,Kepitngnya besar di cangkangnya doang isisnya gaada dagingnya.nyesel fix!!
1,Mau makan mix seafood aja lama hampir sejam nunggu engga dateng dateng
1,"Makanannya tidak hangat banyak lalat berkeliaran, malah ada pelanggan yang dimakanannya ada lalatnya."
1,Ya atuh dibagusin lagi dong pelayanan ama masakannya
1,"Makanannya tidak fresh seperti udang atau kepiting, sangat mengecewakan"
1,Harga berbanding terbalik dengan rasa
1,"Tidak sesuai, dagingnya hanya rasa asap ajh,"
1,"(Diterjemahkan oleh Google) OMG seafood itu tidak segar, pertama untuk #saygoodbye terakhir â€¦Lengkapnya"
1,"(Diterjemahkan oleh Google) 1. Tempat yang nyaman vs. Selera, rasanya tidak begitu enak, tempatnya kurang nyaman.
2. Daging: tidak empuk, kemungkinan besar keras. â€¦Lengkapnya"
1,"(Diterjemahkan oleh Google) Rasa dagingnya ok. Rasa asap hickory. Tetapi sayang sekali, irisan daging terlalu tipis. Kami tidak bisa memilih daging. Mereka mengambilnya untuk kita. Daging yang kami dapat adalah banyak â€¦Lengkapnya"
1,"(Diterjemahkan oleh Google) tidak harga mahal dibandingkan dengan restoran yang sama seperti ini.
dissapointed karena seafood tidak segar, lebih baik makan seafood di food â€¦Lengkapnya"
1,(Diterjemahkan oleh Google) Makanannya tidak enak dengan porsi kecil. Ini berbeda dengan ulasan dari blogger yang mempromosikan restoran ini. â€¦Lengkapnya
1,"(Diterjemahkan oleh Google) Harga nilai. Layanan buruk. Koordinasi yang buruk antara kasir dan masak. Pengiriman lambat. Kepiting tidak bisa retak, brisketnya harus terlalu keras dan rusuk untuk membuat sulit untuk â€¦Lengkapnya"
1,
1,
1,
1,
1,
1,
1,
1,
1,
1,
1,
1,
1,
1,
1,
1,
1,"Pertama kali nyoba kepiting dan Kepitingnya masih bau amis. Gak ada seger-seger nya.        kalau Udang, cumi, kerang ijo nya lumayan. Beef sama nasi butter nya juga lumayan enak. Ada 2 lantai dan lebih nyaman di lantai atas sih. Ada smoking area nya juga. Lumayan bersih."
1,"Yang enak dari tempat ini sepertinya hanya steak saja.

Untuk seafood agak kurang. Pesan paket yang kepiting, cumi, kerang dan udang. â€¦Lengkapnya"
1,"Enak dagingnya, yang bikin sebel itu. Pelayanannya, pernah saya nunggu lobster, nasi butter dan saus peri2 bisa 45 menit. Padahal dagingnya sudah dateng. Keburu anak2 dan suami sy lapar. 4 kali nanya ga dateng2.. padahal makanannya enak... kesel jadinya."
1,"Mengenyangkan dan pastinya oke. Pelayanan cepat, tempat di ruko pojok, jgn sampe kelewatan.... pelan2 pas udah patokan mau pintu masuk ruko.... gabung sama seafood. Next bakal coba yg itu niy hehehe"
1,"Nyobain Bara Grill dagingnya sih empuk...Cm kayanya sudah dipanggang agak lama, tinggal di panasin. Harga belum termasuk nasi dan minum. Makan berdua udah pasti diatas Rp 200an. Pakai saos Black papper, Asyiiin. Pesan yg porsi berdua bisa buat berempat klo daging, kecuali lapar bgt."
1,Daging asep ribsnya enak tp saos ribsnya ga ada yg enak. Saya coba perri2 dan black pepper. Daging ayam bakar murah dan gedee. â€¦Lengkapnya
1,Menu seafood nya gak sesuai ekspektasi mahal doank
1,"review2nya sangat menggoda,
tapi itu jauh dari yg gw rasa.
dagingnya cukup kering, dan rasa smoke yg mau d ciptakan gw g bisa meresapi, â€¦Lengkapnya"
1,"Tempat: agak mojok dan siap- siap aja kalo ambil di lantai paling bawah deket grill nya bakalan kena asep, walau udh pake AC bakal tetep masuk asepnya. Ada lalat. mungkin harus diusahain jauhin tmpt sampah dr tmpt duduk orang makan ya. â€¦Lengkapnya"
1,"Harga makanan relatif murah namun perlu ditingkatkan pelayanan ke Customer,  dimana ada miss Order, pemecah Kepiting harus pakai Palu sehingga ada kemungkinan bagian kepiting yang jatuh dan lainnya"
1,"Restaurant yang ramah dengan alam, makan memakai kertas, namun sayang karena sebagian terbuka lalat jadi masuk, sehingga tidak nyaman makan ditempat ini. Mungkin ada cara dengan memakai jaring agar lalat tidak masuk."
1,"Saat pertama kali datang ilfeel liat lalatnya banyak banget diatas tmp sampah dpn bara seafood...pas masuk ke ruangan ber-ac di lt 1 juga banyak lalatnya, pindah ke lt 2 mendingan berkurang lalatnya...mesen deh paket monster, dibilang ama â€¦Lengkapnya"
1,Tempat kurang nyaman.. Pelayanan kurang puas.. Dan rasa nya kurang greget kepiting  saus padang nya.. Yah untuk saat ini lumayan lah soal rasa nya
1,"Ada seafood n beef.. Mungkin saat kami tidak cocok makan disini karena bbrp hal, daging kepitingya masih kurang matang n dagingnya terllu keras. Tp penyajian sangat cepat"
1,"Tempatnya bagus sih, tp sayang banyak lalernya. lg makan enak2 eh dikelilingi laler. 
sarannya, pasang kipas yg dpt terjangkau  di semua tmpat makan. soalnya kipasnya â€¦Lengkapnya"
1,Pertama: restoran banyak lalat. Lihat sudut2 jendela jorok. Pojok dekat wastfel juga jorok. Kedua: saya pesan paket bara grill berdua. Porsi cukup. Mungkin karena lagi ga ramai jadi masih kebagian yang banyak redmeat-nya. Ketiga: saya pesan â€¦Lengkapnya
1,"Makanannya lumayan, pelayanannya sucks.. luama pake super padahal sepi... gak kebayang kalo rame...."
1,Karena tempat ini ada disebelah kantor jadilah mencobanya ketika baru 3 minggu opening. Tetapi rasanya kurang cocok dilidah. Entah kenapa bau asap nya terlalu terasa. Sausnya yg langsung dibumbui pada daging saat dibakar tidak begitu â€¦Lengkapnya
1,Klo ke sini harus siap n kuat kena kebulan asapnya. Gak disarankan buat yg mau bawa anak kecil di bawah 2 thn sih yah. Waiting list lumayan panjang n lama juga.
1,"Pelayanan nya lamaaaaaaa. Klo keburu laper jangan kesini lah, nanti pingsan ğŸ˜‚. Grill nya klo pesen ala carte, ga di grill lagi, jadi dingin dan alot. Kepiting nya gedeeee, tapi saos padang nya failed. Rasa saos botolan nya dominan â€¦Lengkapnya"
1,Ternyata kepiting ya gk fresh pake frozen biasa ada rasa manis klo fresh .. ya ada harga ada kualitaslah...
1,"Sebelum masuk harus pesen menu dulu dan bayar baru cari meja. Pesen monster's grill, which consists of brisket, ribs, cheek meat and smoked chicken. Plus smoked duck, french fries, coleslaw, saus blackpepper, saus mushroom, and ice tea. â€¦Lengkapnya"
1,"Paket dagingnya kecewa karena teksturnya yang alot, bumbunya kurang nendang. Tapi belum coba paket seafood. Katanya lebih recommended seafoodnya"
1,"Tempatnya ada di ujung kawasan ruko. Kesini pas buka jadi ga begitu rame. Pesennya langsung dikasir dan langsung bayar. Pilih paket seafood yg seharga 175k untuk berdua isinya dua kepiting, kerang, udang dan cumi. Pilihnya saus padang. â€¦Lengkapnya"
1,Menunya semuanya menarik banget! Mulai dari daging2 asap sampai ke seafood dengan harga bersahabat. Namun sayangnya daging asapnya terlalu dry sehingga agak alot dan seafoodnya kurang matang dalamnya dan tersaji dingin. Jadi agak kecewa. Mungkin kondisi sedang ramai jadi kurang quality control.
1,"(Rate 1-10)  Rasa 6, tempat 7.5. Intinya tidak sesuai ekspektasi yg dibayangkan dari iklan2 sosial media yg beredar hahahahaha"
1,"This is my honest review, for me ini  Bukan tempat buat orang yg gasabaran karna buat daging nya pun lumayan lama dan rasanya biasa aja. Tapi menurut saya yg paling gaenak adalah seafood nya. Karna lama banget sampe ke mejanya  dan sudah ga â€¦Lengkapnya"
1,"Murah dan lumayan enak, alangkah enak lagi jika kondisi makanan yang d sajikan dalam keadaan panas ."
1,"Saus padangnya enak, sayang kepitingnya kurang segar"
1,Lumayan kalo suka dengan BBQ dengan kayu bakar. Rasanya beda. Sayang kering dagingnya.
1,"Kalo mau cari daging murah, jatohnya tempat ini tidak murah juga..
Sementara dagingnya gak terlalu oke, karena dihidangkan dalam keadaan dingin. 
Seharusnya jika tempat ini digarap dengan lebih serius dan sentuhan yang â€¦Lengkapnya"
1,Biasa saja..
1,"Daging sapi asap yang lembut dan enak. Cocok dinikmati beramai-ramai / bersama keluarga. Sayangnya saus yang tersedia sering habis. Dari 4 saus, paling yang tersedia hanya blackpepper dan peri-peri. Perlu ditingkatkan stok sausnya. Beberapa kali makan disini, belum pernah 1 kali pun kebagian saus BBQ."
1,Tempat makan barbeque yg seru. Asyik buat bareng teman2
1,"nyobain seafood platter nya, isi 2 kepiting, udang, cumi, & kerang rasa saus padang level 2. untuk harga 175rb murah, zonk dapet 1 kepiting yang udah busuk, bau, tempatnya banyak banget lalat ijo, gak akan kesitu lg sih"
1,Lumayan lah tp ga serasa 300 sama 200 gram palet yg rame2 haha
1,"Tanggal 21 mei 18 makan di sini untuk pertama kalinya,
1. menurut gw sih dagingnya ya gw pernah ngerasain yang lebih enak, tapi karna harganya yang murah okelah bisa gw rekomendasiin â€¦Lengkapnya"
1,Kecewa karena seafood nya tidak fresh dan dagingnya masih agak dingin
1,"Semua dagingnya udah dingin, cheeknya keras. Ayamnya kayak undercook karena masih merah dalemnya"
1,"Ketika sedang ramai, makanan juga lama datangnya, dan sebagian sebagian. Jadi kurang nyaman. Ruangan berasap, sehingga baju bau. Harga, nggak mahal dan nggak murah juga. Utk makanan, biasa saja."
1,Kepiting ny kurang ok
1,Harga terhitung murah. Yang enak dagingnya. Kepiting biasa saja.
1,"Harganya murah, tp bumbu kurang meresap. Buat peri-peri saucenya enak"
1,Standard banget ....
1,Banyak lalat pas dateng.. mknan lumayan lah
1,Udang sama cumi bau udh gk fresh
1,Rasa cukup enak. Hanya saja porsinya kayaknya kurang sesuai yg dijanjikan
1,"Pelayanannya baik, untuk harga termasuk murah tetapi untuk makanan kepitingnya pahit."
1,"Ada beberapa daging yg agak keras, ruangan didalam Ac kurang sejuk"
1,"Makanannya walaupun cepat disajikan  karena sudah matang, namun sayang disajikan dalam keadaan dingin."
1,Harga pas untuk rasa yg lumayan enak
1,B aja
1,Nunggu nya lama
1,Lumayanla... Anak2 Suka ...
1,"Makanannya lumayan, tapi pelayanannya kurang memuaskan :)"
1,"Enak, tapi porsi kecil, kurang fresh"
1,"Brisketnya enak, cuman lt.1 asapnya mengganggu"
1,Standar
1,"Makanan nya Enak, murah, tempatnya strategis"
1,Jauuuuh dibawah ekspektasi
1,Lumayan..
1,"Makanan oke, pelayanannya kurang"
1,"(Diterjemahkan oleh Google) Pecinta daging, saya sugesst tidak memesan makanan laut, karena kepiting tidak segar. â€¦Lengkapnya"
1,(Diterjemahkan oleh Google) Hanya mencicipi menu bbq mereka dan itu ok. Mereka juga mendapat makanan laut campuran. â€¦Lengkapnya
1,"(Diterjemahkan oleh Google) Pilihan daging berlimpah, layanan dan kualitas daging rata-rata, titik harga sangat baik. Pasti akan kembali â€¦Lengkapnya"
1,"(Diterjemahkan oleh Google) Ini adalah pertama kalinya saya makan di sini dan saya makan makanan laut, bumbu itu sendiri secara mengejutkan baik-baik saja, tampaknya makanan laut itu tidak benar-benar segar yang â€¦Lengkapnya"
1,"(Diterjemahkan oleh Google) Makanannya enak, harganya oke, kecepatan makanan yang disajikan ke dalam meja tidak apa-apa. Tempatnya sangat ramai. Ketersediaan makanan terbatas â€¦Lengkapnya"
1,"(Diterjemahkan oleh Google) Barbar bagus ...

(Asli)
Barbar nice..."
1,"(Diterjemahkan oleh Google) Tempat itu ok untuk barbaque lokal. Sosis dan Sandung lamur itu ok tapi pipi, tulang rusuk dan ayam adalah sub par. Uang untuk nilai ada di tempat. â€¦Lengkapnya"
1,"(Diterjemahkan oleh Google) Tidak begitu berharga untuk dinilai. Pesan Bara Grill untuk 2, makanan yang tidak terlalu hangat cenderung agak dingin. Memesan piring campuran Seafood untuk 2, mereka tidak memiliki â€¦Lengkapnya"
1,(Diterjemahkan oleh Google) Pesen ga pake lalat. Resto untuk Pecinta Daging â€¦Lengkapnya
1,"(Diterjemahkan oleh Google) Baik

(Asli)
Ok"
1,(Diterjemahkan oleh Google) Presentasi dan rasa makanan tidak dianjurkan â€¦Lengkapnya
1,(Diterjemahkan oleh Google) Biaya Tinggi Berkualitas Rendah â€¦Lengkapnya
1,(Diterjemahkan oleh Google) Berkembang biak standar ...Lengkapnya
1,(Diterjemahkan oleh Google) Anda bisa merasakan asap di dalam daging â€¦Lengkapnya
1,"(Diterjemahkan oleh Google) dagingnya ok, tapi sedikit asin â€¦Lengkapnya"
1,"(Diterjemahkan oleh Google) CRABS RAKASA   

(Asli)
MONSTER CRABS   "
1,(Diterjemahkan oleh Google) rasanya jadi tidak terlalu istimewa â€¦Lengkapnya
1,"(Diterjemahkan oleh Google) Bukan untuk saya

(Asli)
Not for me"
1,
1,
1,
1,
1,
1,
1,
1,
1,
1,
1,
1,
1,
1,
5,"Menu seafood ya lengkap, paling recommended kepiting panci nya. Resto ada 2 lantai, lantai atas cukup luas ada smoking area dan ber-AC. Pelayannya cukup ramah harga juga terjangkau. Tempatnya bersih dan ada spot-spot bagus buat foto bersama.."
5,"Rasanya mantab, tapi kalo bisa untuk pemecah kepiting ditambah jepitan, pakai getokan besi gitu pada muncrat kmn2 bumbunya, yang lain sih oke lah"
5,"Pesan kepiting dan pake bara grills, untuk kepiting pakai saos padang sangat mantap sekali hanya saja daging kepitingnya berhamburan entah over coocked/kurang fresh. Pake bara grills berduanya cukup mengenyangkan rasa mantap. Untuk tempat strategis dan nyaman."
5,"Ini dagingnya enduuuuuuls bgt. Saus peri2 rada terlalu pedes buat aku. Saus jamur, bbq sama lada hitamnya enak dan bisa minta dibungkus bawa pulang kl masih ada sisa   ğŸ˜‚"
5,"Plus : 
â™¥ï¸ tempat dekat dengan keramayan dan sangat dan sangat cepat dijangkau
â™¥ï¸ makanannya sangat sangat murah
â™¥ï¸ harga super duper murah buat low budget bgt
â™¥ï¸ tidak perlu waktu lama untuk menunggu pesanan datang
â™¥ï¸ layanan saat Tama makan pelayan membantu membukakan cangkang kepiting

Minus :
â™ ï¸ kepiting nya keras karena kepiting tua jadi dibukanya harus pakek getokan palu daging
â™ ï¸ ac kurang dingin, dikarenakan makan makanan pedas. Jd harus banyak ac 

Info lainnya :
ğŸª tempatnya di depan di pertokoan di depan daerah Bintaro Plaza depannya mentok disamping happy Puppy lurus terus"
5,Liat-liat review pada kasih komen jelek. Ada satu yang bilang enak. Penasaran dan akhirnya berlabuh kesini. â€¦Lengkapnya
5,"Engga tau kenapa, aku lebih suka bebeknya dibanding daging sapinya disini :( Sama sosisnya enak. Kalo daging lebih suka yg brisket dan lambnya"
5,"Secara keseluruhan baik. Unt rasa saosnya better dibanding dengan resto setipe. Untuk daging asap nya terlalu kering. 
Tp secara keseluruhan baik"
5,Enakk bngt.. apa lagi saus padang nya..... nyummy banget dahhhh
5,"Yang suka makan daging bakar, ayam bakar, segala bakar, dan juga seafood mulai udang sampai kepiting, dengan harga terjangkau, bolehlah makan disini.
Kmrn pesan daging brisket pakai mushroom sauce dan peri-peri sauce (rekomen mba â€¦Lengkapnya"
5,"Daging nya lembut saosnya juga enak... 
Coba deh,,, pasti ketagihan...."
5,Lagi bukber disini. Recomend daging nya enak empuk
5,"Tempat na enak santai, tp sayang parkir mobil agak sempit.. daging na empuk pake banget ğŸ˜‰"
5,"Menunya mantap. Daging empuk, rasa maknyus. Seafood nya jg mantapz. Harga reasonable banget. Tp sayang utk yg order kepiting ga ada penjepitnya...jd harus berjibaku mukul2 cangkang pake palu ğŸ˜„ğŸ˜„"
5,"Tersedia menu seafood yg luar biasa, cuma kepiting agak keras sehingga harus dipukul kuat kuat dan percikan nya mengenai baju,dari harganya kayaknya ini buat kalangan menengah keatas"
5,Ok deh
5,"Lumayan si cmn kmrn banyak lalat pas makan seafood, tp puas sih porsinya"
5,Enak murmer...
5,Tempat makan kepiting termurah se tangerang â£
5,Mantap...tempatnya enak makan nya terjangkau..
5,Seafood nya enak
5,Enak enak enak
5,Enak ni makanan
5,Tempat yang pas untuk kamu yang ingin merasakan sensasi makan seafood kekinian dengan harga yang sangat terjangkau
5,Mantap pol rasanya
5,"Enak sih, juga terjangkau. Cuma setelah makan agak kerasa keliyengan. Lemak dan kolesterol naik kayaknya      â€¦Lengkapnya"
5,"Murah2, enak bree"
5,"Ini nih saos padang ternenak yg pernah gua makan, wagelaseeehhhhhhh"
5,"Tempatnya enak bisa buat keluarga,temen.tempatnya jga asik"
5,Datang aja guys. Gakan nyesel deh
5,Enak dan bagus tempatnya dan rasanya gk mengecewakan harga pun murah
5,"Enak buanget....... Coba yang paket ada rib, ada Ayam, ada daging bagian lain lupa, semua menu utk daging dan Ayam dimasak dgn di asap (smoked). Harga sangat bersahabat."
5,This place is so amazing! Murah enak banget! Pelayanan nya rada lama sih meskipun dengan jumlah guest yang ga terlalu banyak. Tapi terbayarkan dengan rasa makanannya yang enak warbyasak. Fully recommended pokoknya
5,Recomended banget sih asli. Yang suka grill dicoba. Yang suka seafood keknya ngga bakalan nyesel. Yang paling penting. Terjangkau.
5,Rasanya mantabbb   
5,"Rasanya enak banget, empuk, juicy... Kebayang empuknya Daging Sapi di asap selama 12 jam, Daging Domba dengan sensasi yg berbeda,  Daging Bebek dan Ayamnya juga enak banget...perlu di coba dan harganya bersahabat buat dompet..."
5,Definisi makan daging ga mahal...dan skrg ada menu ikan bakar dan berbagai seafood
5,Enakkk. Murahhh.. daging brisketnya c enak bgt
5,"Enak, murah, tempatnya nyaman. Cocok untuk makan sambil mengobrol dengan teman atau keluarga."
5,Makanannya enak tp tempatnya kurang luas jd ngantri dlu klo mau makan dan parkirannya sempit...
5,Sangat lezat
5,Mantap dah
5,"Nyaman untuk hangout, murah dan dagingnya enak. Termasuknya murah karna daging yg di dapat juga banyak. Puas!"
5,Cukup lumayan dengan pilihan seafood dan daging. Tapi tidak begitu menagihkan dan ingin mencoba lagi
5,Murah dan enak
5,"Makanannya enak, porsinya cukup. Sausnya juga enak, terutama mushroom. Lebih enak tempat yang di atas, pake ac. Di bawah agak banyak asap. Ada outdoor juga di bawah dan di atas. Cukup nyaman, cocok untuk ngumpul2. Besok2 lagi pasti kesini."
5,Nyaman
5,Dagingnya juara!!!
5,Pernah bekerja disana selama 1 bulan lebih
5,Makanan enak; parkir nyaman dan aman; tempat nyaman..
5,Antriannya gokil
5,"Tempatnya lumayan nyaman ya, ada 2 lantai, sepertinya lebih nyaman kalau di lantai 2"
5,Enak dan murah.
5,Lumayan
5,Bagus
5,Makanannya endess
5,Harga sangat terjangkau dengan kualitas rasa yang luar biasa
5,Tempatnya sangat Rapi sehingga nyaman
5,"Masakannya enak, harganya juga masuk akal, mgkn penyajiannya bisa lebih dipercantik"
5,Mantabh
5,Makan nya enak wlpun ngantri agak lamq
5,Murah dan enak.
5,Dagingnya Empuk seempuk empuk nya
5,"Enak bener makanannya, kalo kesini rame2 makin asik"
5,Enak makanannya
5,Tempatnya asyik bisa buat kongkow...
5,Murah meriah
5,Kenyang
5,Saus padang nya yummmmyyy
5,enak
5,Mantap
5,cobain lambnya... bintang 5 buat lambnya...
5,Mantab Jiwa
5,Enak
5,Daging nya sedikit lemak nya banyak
5,Makan daging gak harus mahal
5,Lumayan membuat kenyang...
5,tempat nyaman dan banyak pilihan
5,Enak
5,Terbaik
5,Enak dan nyaman tempatnya. Terjangkau
5,enak tempaynya nyaman
5,Seafoodnya uenakkk tenan
5,"Murah, tapi kurang anget masakannya terlampau dingin"
5,Mantabbs
5,Sedap racikannya pas
5,Hmmmm
5,Enak
5,Ok untuk pecinta daging
5,Pengen nyoba ke tempat ini
5,"(Diterjemahkan oleh Google) Good Place & Good Food, jangan pakai putih saat kamu makan kepiting :) jempol â€¦Lengkapnya"
5,(Diterjemahkan oleh Google) Rada terasa teman-teman â€¦Lengkapnya
5,"(Diterjemahkan oleh Google) Makanan enak, daging berkualitas tinggi dengan harga murah â€¦Lengkapnya"
5,(Diterjemahkan oleh Google) harga rendah rasa tinggi â€¦Lengkapnya
5,(Diterjemahkan oleh Google) Sandung lamur itu bagus. Salah satu panggangan pit stop terbesar â€¦Lengkapnya
5,"(Diterjemahkan oleh Google) Di grills, grills makan daging harus mahal dan pasti endos gandos â€¦Lengkapnya"
5,"(Diterjemahkan oleh Google) Makanan panggangan yang sangat baik di tempat yang nyaman ,, sangat menyukainya, â€¦Lengkapnya"
5,(Diterjemahkan oleh Google) Ketika Anda lapar dan butuh daging jangan ragu untuk datang ke sini â€¦Lengkapnya
5,"(Diterjemahkan oleh Google) Makanan lezat sepanjang waktu, semangat terus â€¦Lengkapnya"
5,"(Diterjemahkan oleh Google) tempat yang baik, makanan yang baik â€¦Lengkapnya"
5,Endeus
5,(Diterjemahkan oleh Google) Pemanggang api kayu yang lezat â€¦Lengkapnya
5,(Diterjemahkan oleh Google) Tidak mahal untuk daging panggang. Bagus untuk dicoba. â€¦Lengkapnya
5,"(Diterjemahkan oleh Google) Daging dan seafood enak, enak â€¦Lengkapnya"
5,(Diterjemahkan oleh Google) makanan enak n harga bagus ... hanya senang * grills * .ğŸ˜ƒğŸ‘ğŸ‘ â€¦Lengkapnya
5,"(Diterjemahkan oleh Google) Rasanya enak, bahkan anak-anak pun bisa menikmati daging. â€¦Lengkapnya"
5,(Diterjemahkan oleh Google) makanan besar dengan harga yang besar â€¦Lengkapnya
5,"(Diterjemahkan oleh Google) baik

(Asli)
ok"
5,(Diterjemahkan oleh Google) Sangat Direkomendasikan â€¦Lengkapnya
5,(Diterjemahkan oleh Google) daging yang lezat dan empuk (daging iga) â€¦Lengkapnya
5,"(Diterjemahkan oleh Google) Direkomendasikan!

(Asli)
Recomended!"
5,"(Diterjemahkan oleh Google) Cinta saus

(Asli)
Love the sauce"
5,"(Diterjemahkan oleh Google) Selera yang baik

(Asli)
Good taste"
5,"(Diterjemahkan oleh Google) Baik

(Asli)
Good"
5,"(Diterjemahkan oleh Google) Secara kreatif

(Asli)
Creatively"
5,(Diterjemahkan oleh Google) Bagus dan tempat yang bagus untuk makan â€¦Lengkapnya
5,"(Diterjemahkan oleh Google) suasana yang baik, makanan lezat â€¦Lengkapnya"
5,"(Diterjemahkan oleh Google) Hanya menyukainya!

(Asli)
Just loved it!"
5,"(Diterjemahkan oleh Google) baik

(Asli)
ok"
5,(Diterjemahkan oleh Google) Layak hidangan untuk harga â€¦Lengkapnya
5,"(Diterjemahkan oleh Google) #makehehehehehehehehe

(Asli)
#makanenaknggaharusmahal"
5,"(Diterjemahkan oleh Google) tempat yang nyaman

(Asli)
Cozy place"
5,"(Diterjemahkan oleh Google) Direkomendasikan

(Asli)
Recommended"
5,"(Diterjemahkan oleh Google) Besar

(Asli)
Great"
5,"(Diterjemahkan oleh Google) Baik

(Asli)
Good"
5,"(Diterjemahkan oleh Google) Sandung lamur merokok

(Asli)
Smoked brisket"
5,
5,
5,
5,
5,
5,
5,
5,
5,
5,
5,
5,
5,
5,
5,
5,
5,
5,
5,
5,
5,
5,
5,
5,
5,
5,
5,
5,
5,
5,
5,
5,
5,
5,
5,
5,
5,
5,
5,
5,
5,
5,
5,
5,
5,
5,
5,
5,
5,
5,
5,
5,
5,
5,
5,
5,
5,
5,
5,
5,
5,
5,
5,
5,
5,
5,
5,
5,
5,
5,
5,
5,
5,
5,
5,
5,
5,
5,
5,
5,
5,
5,
5,
5,
